{
  "train_loss": [
    0.48472070620914287,
    0.3501154286833916,
    0.34099781334872886,
    0.3364956321996498,
    0.3327773034400706,
    0.3320435670828252,
    0.3320435670828252,
    0.3320435670828252,
    0.3320435670828252
  ],
  "val_loss": [
    0.3531538067048028,
    0.34683628660320437,
    0.3462044878694035,
    0.3470525636568966,
    0.3464752688703921,
    0.3444474114467634,
    0.3444474114467634,
    0.3444474114467634,
    0.3444474114467634
  ],
  "train_f1": [
    0.8825776545029518,
    0.98514520916204,
    0.9904875586816426,
    0.9935079567395162,
    0.9963705054127935,
    0.9968441823775825,
    0.9968441823775825,
    0.9968441823775825,
    0.9968441823775825
  ],
  "val_f1": [
    0.9801777378257189,
    0.9843289207435676,
    0.9853731625897166,
    0.9830122480851479,
    0.984720258475017,
    0.9867473452564162,
    0.9867473452564162,
    0.9867473452564162,
    0.9867473452564162
  ],
  "train_acc": [
    0.8825823321236165,
    0.9851452787232604,
    0.9904875684692198,
    0.9935081035998468,
    0.9963708495818587,
    0.9968442170277033,
    0.9968442170277033,
    0.9968442170277033,
    0.9968442170277033
  ],
  "val_acc": [
    0.9803302829494057,
    0.9844325234038077,
    0.9854843799305775,
    0.983170295571684,
    0.9848532660145156,
    0.9868517934153781,
    0.9868517934153781,
    0.9868517934153781,
    0.9868517934153781
  ]
}