{
  "train_loss": [
    0.48753554939972377,
    0.35138695255099933,
    0.34265939442104465,
    0.3372323438472842,
    0.3344142899409366,
    0.33149437529891623,
    0.33149437529891623,
    0.33149437529891623
  ],
  "val_loss": [
    0.354778091243056,
    0.3493880319790762,
    0.3475189609605758,
    0.34838781337269015,
    0.3452525022577067,
    0.3464393096869109,
    0.3464393096869109,
    0.3464393096869109
  ],
  "train_f1": [
    0.8819721026526366,
    0.9841863703661874,
    0.9897215078562973,
    0.9932137664606698,
    0.9953657370466242,
    0.9973206588351693,
    0.9973206588351693,
    0.9973206588351693
  ],
  "val_f1": [
    0.9758326958553842,
    0.980659163781028,
    0.9833001088326886,
    0.9837442149752826,
    0.9862030208392026,
    0.9853772438002644,
    0.9853772438002644,
    0.9853772438002644
  ],
  "train_acc": [
    0.8819783019282295,
    0.9841876400052708,
    0.989721966003426,
    0.9932138621689287,
    0.9953661000571001,
    0.9973206834453375,
    0.9973206834453375,
    0.9973206834453375
  ],
  "val_acc": [
    0.9759171961467514,
    0.9807337569174011,
    0.983398237343718,
    0.9838081574093052,
    0.9862676778028284,
    0.985447837671654,
    0.985447837671654,
    0.985447837671654
  ]
}